diagnosis,min,mean,median,max,range,stdev
B,6.981,12.14652380952381,12.2,17.85,10.869000000000002,1.7805116461410389
M,10.95,17.462830188679245,17.325000000000003,28.11,17.16,3.2039711007793663
